{
  "roc_auc": 0.8139993450292399,
  "pr_auc": 0.32213591238364464,
  "profit_at_thr": 165145.315
}